"","A[C>A]A","A[C>A]C","A[C>A]G","A[C>A]T","A[C>G]A","A[C>G]C","A[C>G]G","A[C>G]T","A[C>T]A","A[C>T]C","A[C>T]G","A[C>T]T","A[T>A]A","A[T>A]C","A[T>A]G","A[T>A]T","A[T>C]A","A[T>C]C","A[T>C]G","A[T>C]T","A[T>G]A","A[T>G]C","A[T>G]G","A[T>G]T","C[C>A]A","C[C>A]C","C[C>A]G","C[C>A]T","C[C>G]A","C[C>G]C","C[C>G]G","C[C>G]T","C[C>T]A","C[C>T]C","C[C>T]G","C[C>T]T","C[T>A]A","C[T>A]C","C[T>A]G","C[T>A]T","C[T>C]A","C[T>C]C","C[T>C]G","C[T>C]T","C[T>G]A","C[T>G]C","C[T>G]G","C[T>G]T","G[C>A]A","G[C>A]C","G[C>A]G","G[C>A]T","G[C>G]A","G[C>G]C","G[C>G]G","G[C>G]T","G[C>T]A","G[C>T]C","G[C>T]G","G[C>T]T","G[T>A]A","G[T>A]C","G[T>A]G","G[T>A]T","G[T>C]A","G[T>C]C","G[T>C]G","G[T>C]T","G[T>G]A","G[T>G]C","G[T>G]G","G[T>G]T","T[C>A]A","T[C>A]C","T[C>A]G","T[C>A]T","T[C>G]A","T[C>G]C","T[C>G]G","T[C>G]T","T[C>T]A","T[C>T]C","T[C>T]G","T[C>T]T","T[T>A]A","T[T>A]C","T[T>A]G","T[T>A]T","T[T>C]A","T[T>C]C","T[T>C]G","T[T>C]T","T[T>G]A","T[T>G]C","T[T>G]G","T[T>G]T"
"SBS1",0,0,0,0,0,0,0,0,0.0273522975929978,0,0.399343544857768,0,0,0,0,0,0,0,0,0,0,0,0,0,0,0,0,0,0,0,0,0,0,0,0.214442013129103,0,0,0,0,0,0,0,0,0,0,0,0,0,0,0,0,0,0,0,0,0,0,0,0.238512035010941,0,0,0,0,0,0,0,0,0,0,0,0,0,0,0,0,0,0,0,0,0,0,0,0.12035010940919,0,0,0,0,0,0,0,0,0,0,0,0,0
"SBS2",0,0,0,0,0,0,0,0,0,0,0,0,0,0,0,0,0,0,0,0,0,0,0,0,0,0,0,0,0,0,0,0,0,0,0,0,0,0,0,0,0,0,0,0,0,0,0,0,0,0,0,0,0,0,0,0,0,0,0,0,0,0,0,0,0,0,0,0,0,0,0,0,0,0,0,0,0,0,0,0,0.548337595907928,0.099539641943734,0.0452173913043479,0.30690537084399,0,0,0,0,0,0,0,0,0,0,0,0
"SBS3",0.116919617762788,0,0,0,0,0,0,0,0,0,0,0,0,0,0,0,0,0,0,0,0,0,0,0,0.126475548060708,0.14221472737493,0,0,0,0,0,0.125351320966836,0,0.113546936481169,0,0.129286115795391,0,0,0,0,0,0,0,0,0,0,0,0,0,0,0,0,0,0,0,0,0,0,0,0,0,0,0,0,0,0,0,0,0,0,0,0,0,0,0,0,0,0.114109050028106,0,0.132096683530073,0,0,0,0,0,0,0,0,0,0,0,0,0,0,0,0
"SBS4",0.0695222405271829,0.0548599670510709,0,0.0485996705107083,0,0,0,0,0,0,0,0,0,0,0,0,0,0,0,0,0,0,0,0,0.132948929159802,0.131301482701812,0.0403624382207578,0.113673805601318,0,0,0,0,0,0,0,0,0,0,0.0535420098846787,0,0,0,0,0,0,0,0,0,0.0520593080724876,0.057331136738056,0,0.0349258649093905,0,0,0,0,0,0,0,0,0,0,0,0,0,0,0,0,0,0,0,0,0.0655683690280065,0.0772652388797364,0,0.0680395387149918,0,0,0,0,0,0,0,0,0,0,0,0,0,0,0,0,0,0,0,0
"SBS6",0,0,0,0,0,0,0,0,0.0745956010706389,0.0266495985104154,0.139648551146282,0.024787617828465,0,0,0,0,0,0,0,0,0,0,0,0,0,0,0,0,0,0,0,0,0,0,0.14197602699872,0,0,0,0,0,0,0,0,0,0,0,0,0,0,0,0,0,0,0,0,0,0.1089258698941,0.12917490981031,0.207145350866985,0.0865821017106947,0,0,0,0,0,0,0,0,0,0,0,0,0,0,0,0,0,0,0,0,0,0,0.0605143721633888,0,0,0,0,0,0,0,0,0,0,0,0,0
"SBS7a",0,0,0,0,0,0,0,0,0,0,0,0,0,0,0,0,0,0,0,0,0,0,0,0,0,0,0,0,0,0,0,0,0.0548245614035088,0.0606359649122807,0,0.0620614035087719,0,0,0,0,0,0,0,0,0,0,0,0,0,0,0,0,0,0,0,0,0,0,0,0,0,0,0,0,0,0,0,0,0,0,0,0,0,0,0,0,0,0,0,0,0.260964912280702,0.362938596491228,0.08125,0.117324561403508,0,0,0,0,0,0,0,0,0,0,0,0
"SBS7b",0,0,0,0,0,0,0,0,0,0.0436976717513476,0,0,0,0,0,0,0,0,0,0,0,0,0,0,0,0,0,0,0,0,0,0,0.122720495469663,0.20873953435027,0.0253469434568184,0.144511985319417,0,0,0,0,0,0,0,0,0,0,0,0,0,0,0,0,0,0,0,0,0,0.0301640096341324,0,0,0,0,0,0,0,0,0,0,0,0,0,0,0,0,0,0,0,0,0,0,0,0.242000229384104,0.0658332377566236,0.116985892877623,0,0,0,0,0,0,0,0,0,0,0,0
"SBS7c",0,0,0,0,0,0,0,0,0,0,0,0,0,0,0,0.0771102661596958,0,0,0,0,0,0,0,0,0,0,0,0,0,0,0,0,0,0,0,0.0313307984790875,0,0,0,0.0740684410646388,0,0,0,0.065551330798479,0,0,0,0,0,0,0,0,0,0,0,0,0,0,0,0,0,0,0,0.0308745247148289,0,0,0,0,0,0,0,0,0,0,0,0,0,0,0,0,0,0,0,0,0,0.0520152091254752,0,0.424334600760457,0.0459315589353612,0.031787072243346,0,0.133992395437262,0,0,0,0.0330038022813688
"SBS7d",0,0,0,0,0,0,0,0,0,0,0,0.0419215086646279,0,0,0,0.0523700305810398,0,0,0,0.0649847094801224,0,0,0,0,0,0,0,0,0,0,0,0,0.045361875637105,0,0,0,0,0,0,0,0,0,0,0.0505861365953109,0,0,0,0,0,0,0,0,0,0,0,0,0,0,0,0.053644240570846,0,0,0,0,0,0,0,0.40519877675841,0,0,0,0,0,0,0,0,0,0,0,0,0,0,0,0.063710499490316,0,0,0,0.0347859327217126,0.103465851172273,0,0.0290519877675841,0.0549184505606524,0,0,0,0
"SBS10a",0,0,0,0,0,0,0,0,0,0,0,0,0,0,0,0,0,0,0,0,0,0,0,0,0,0,0,0,0,0,0,0,0,0,0,0,0,0,0,0,0,0,0,0,0,0,0,0,0,0,0,0,0,0,0,0,0,0,0,0,0,0,0,0,0,0,0,0,0,0,0,0,0.119471276054906,0,0,0.85155058464667,0,0,0,0,0,0,0,0.028978139298424,0,0,0,0,0,0,0,0,0,0,0,0
"SBS10b",0,0,0,0,0,0,0,0,0,0,0,0,0,0,0,0,0,0,0,0,0,0,0,0,0,0,0,0,0,0,0,0,0,0,0,0,0,0,0,0,0,0,0,0,0,0,0,0,0,0,0,0,0,0,0,0,0,0,0,0.0390023230223743,0,0,0,0,0,0,0,0,0,0,0,0,0,0,0,0.0997676977625627,0,0,0,0,0,0.0592982027142682,0.534295146105881,0.15649834943147,0,0,0,0,0,0,0,0,0,0,0,0.111138280963443
"SBS11",0,0,0,0,0,0,0,0,0.0276083467094704,0.157303370786517,0,0.116639914392723,0,0,0,0,0,0,0,0,0,0,0,0,0,0,0,0,0,0,0,0,0,0.134831460674157,0,0.0696629213483147,0,0,0,0,0,0,0,0,0,0,0,0,0,0,0,0,0,0,0,0,0,0.123060460139112,0,0.074478330658106,0,0,0,0,0,0,0,0,0,0,0,0,0,0,0,0,0,0,0,0,0,0.169074371321562,0,0.127340823970038,0,0,0,0,0,0,0,0,0,0,0,0
"SBS13",0,0,0,0,0,0,0,0,0,0,0,0,0,0,0,0,0,0,0,0,0,0,0,0,0,0,0,0,0,0,0,0,0,0,0,0,0,0,0,0,0,0,0,0,0,0,0,0,0,0,0,0,0,0,0,0,0,0,0,0,0,0,0,0,0,0,0,0,0,0,0,0,0.0884262368479964,0.0329079919409,0,0.0397358406089098,0.354824266845758,0.0710767853145288,0,0.413028878441907,0,0,0,0,0,0,0,0,0,0,0,0,0,0,0,0
"SBS14",0,0,0,0.119226327944573,0,0,0,0,0,0,0.0382505773672056,0,0,0,0,0,0,0,0,0,0,0,0,0,0,0,0,0.375288683602771,0,0,0,0,0,0,0,0,0,0,0,0,0,0,0,0,0,0,0,0,0,0.0323325635103926,0,0.181870669745958,0,0,0,0,0,0,0,0,0,0,0,0,0,0,0,0,0,0,0,0,0,0.0350750577367206,0,0.217956120092379,0,0,0,0,0,0,0,0,0,0,0,0,0,0,0,0,0,0,0,0
"SBS15",0,0,0,0,0,0,0,0,0,0,0.0962035123966941,0,0,0,0,0,0,0,0,0,0,0,0,0,0.0539772727272727,0,0,0.0370609504132232,0,0,0,0,0,0,0.0320247933884297,0,0,0,0,0,0,0,0,0,0,0,0,0,0,0,0,0,0,0,0,0,0.0951704545454544,0.166580578512397,0.357696280991736,0.099690082644628,0,0,0,0,0,0,0,0,0,0,0,0,0,0,0,0,0,0,0,0,0.034220041322314,0,0.0273760330578512,0,0,0,0,0,0,0,0,0,0,0,0,0
"SBS17b",0,0,0,0,0,0,0,0,0,0,0,0,0,0,0,0,0,0,0,0,0,0,0,0.0779469825155102,0,0,0,0,0,0,0,0,0,0,0,0,0,0,0,0,0,0,0,0,0,0.0354201917653694,0,0.620417371686407,0,0,0,0,0,0,0,0,0,0,0,0,0,0,0,0,0,0,0,0,0,0,0,0.128595600676819,0,0,0,0,0,0,0,0,0,0,0,0,0,0,0,0,0,0,0,0,0,0,0,0.137619853355894
"SBS18",0.0867149351742718,0,0,0.0360330021889207,0,0,0,0,0,0,0,0,0,0,0,0,0,0,0,0,0,0,0,0,0.124600101027109,0,0,0.061121400909244,0,0,0,0,0,0,0,0,0,0,0,0,0,0,0,0,0,0,0,0,0.183532581242633,0,0,0.104899814783634,0,0,0,0,0,0,0,0,0,0,0,0,0,0,0,0,0,0,0,0,0.124263343997306,0.0734130324970534,0,0.205421788179828,0,0,0,0,0,0,0,0,0,0,0,0,0,0,0,0,0,0,0,0
"SBS20",0,0,0,0,0,0,0,0,0.0772122161315582,0,0,0,0,0,0,0.0400939702427565,0,0,0,0,0,0,0,0,0.0588880187940486,0.154894283476899,0,0.394675019577134,0,0,0,0,0,0,0,0,0,0,0,0,0,0,0.0408770555990602,0,0,0,0,0,0,0,0,0,0,0,0,0,0.0660924040720439,0.0833202819107282,0.0321064996084574,0.051840250587314,0,0,0,0,0,0,0,0,0,0,0,0,0,0,0,0,0,0,0,0,0,0,0,0,0,0,0,0,0,0,0,0,0,0,0,0
"SBS21",0,0,0,0,0,0,0,0,0,0,0,0,0,0,0,0,0,0,0,0.0322458747953142,0,0,0,0,0,0,0,0,0,0,0,0,0,0,0,0,0,0,0,0,0,0,0,0.0273334173069656,0,0,0,0,0,0,0,0,0,0,0,0,0,0,0,0,0,0,0,0,0.280891799974808,0.0835117773019274,0.147373724650459,0.167527396397531,0,0,0,0,0,0,0,0,0,0,0,0,0,0,0,0,0,0,0,0,0.106058697568963,0.0690263257337196,0.0347650837636981,0.0512659025066129,0,0,0,0
"SBS22",0,0,0,0,0,0,0,0,0,0,0,0,0.0751057827926657,0,0.0712270803949224,0,0.0293841090738128,0,0,0,0,0,0,0,0,0,0,0,0,0,0,0,0,0,0,0,0.150446638457922,0.0647625763986836,0.197461212976022,0.0708744710860366,0,0,0,0,0,0,0,0,0,0,0,0,0,0,0,0,0,0,0,0,0.0631170662905501,0,0.0440761636107193,0,0,0,0,0,0,0,0,0,0,0,0,0,0,0,0,0,0,0,0,0,0.0843911612599905,0.0277385989656793,0.0860366713681241,0.0353784673248707,0,0,0,0,0,0,0,0
"SBS24",0.0535688005886682,0.038999264164827,0,0.0323767476085357,0,0,0,0,0,0,0,0,0,0,0,0,0,0,0,0,0,0,0,0,0.0373804267844003,0.0513612950699044,0,0,0,0,0,0,0,0,0,0,0,0,0,0,0,0,0,0,0,0,0,0,0.0915378955114055,0.188373804267844,0.0969830757910229,0.0800588668138338,0,0,0,0,0.0440029433406917,0.0643119941133186,0.0373804267844003,0.0298749080206033,0,0,0,0,0,0,0,0,0,0,0,0,0.0438557763061075,0.0763796909492275,0,0.0335540838852098,0,0,0,0,0,0,0,0,0,0,0,0,0,0,0,0,0,0,0,0
"SBS25",0,0,0,0,0,0,0,0,0.0638491942839769,0,0,0,0.0620249315901492,0,0,0,0.0629370629370628,0,0,0,0,0,0,0,0,0,0,0,0,0,0,0,0,0,0,0,0.0799635147461235,0,0.191243539069626,0.111280024323502,0,0,0,0,0,0,0,0,0,0,0,0,0,0,0,0,0,0,0,0,0.110063849194284,0,0.116144724840377,0.0614168440255397,0,0,0,0,0,0,0,0,0,0,0,0.0747947704469443,0,0,0,0,0,0,0,0,0.066281544542414,0,0,0,0,0,0,0,0,0,0,0
"SBS26",0,0,0,0,0,0,0,0,0,0,0,0,0,0,0,0,0.100940364242352,0.031067730032139,0.0934412569932151,0.044280442804428,0,0,0,0,0,0,0,0,0,0,0,0,0,0,0,0,0,0,0,0,0.0618973931674801,0.0371384359004881,0.0936793238900131,0.066063563861445,0,0,0,0,0,0,0,0,0,0,0,0,0,0,0,0,0,0,0,0,0.0993929294131651,0.029520295202952,0.0847518152600881,0.0657064635162481,0,0,0,0,0,0,0,0,0,0,0,0,0,0,0,0,0,0,0,0,0.050351148672777,0.0373765027972861,0.036067134864897,0.068325199381026,0,0,0,0
"SBS28",0,0,0,0,0,0,0,0,0,0,0,0,0,0,0,0,0,0,0,0,0,0,0,0.140983204609538,0,0,0,0,0,0,0,0,0,0,0,0,0,0,0,0,0,0,0,0,0,0.0270932941032242,0,0.123820031874464,0,0,0,0,0,0,0,0,0,0,0,0,0,0,0,0,0,0,0,0,0,0,0,0.025254382738752,0,0,0,0,0,0,0,0,0,0,0,0,0,0,0,0,0,0,0,0,0.0518573004781169,0.0437660904744391,0,0.587225695721466
"SBS30",0,0,0,0,0,0,0,0,0.120440858993296,0.102715600499943,0,0.0332916714009771,0,0,0,0,0,0,0,0,0,0,0,0,0,0,0,0,0,0,0,0,0.124985797068515,0.117032155436882,0,0.0524940347687762,0,0,0,0,0,0,0,0,0,0,0,0,0,0,0,0,0,0,0,0,0.0564708555845926,0.0693103056470856,0,0,0,0,0,0,0,0,0,0,0,0,0,0,0,0,0,0,0,0,0,0,0.111350982842859,0.152255425519827,0,0.0596523122372457,0,0,0,0,0,0,0,0,0,0,0,0
"SBS31",0,0,0,0,0,0,0,0,0,0,0,0,0,0,0,0,0.0394355306398608,0,0,0,0,0,0,0,0,0,0,0.0539338874927509,0,0,0,0,0.0796443069785426,0.317030736516528,0,0.28030156582254,0.0398221534892712,0.0407887106127973,0,0.0599265416586121,0,0,0,0,0,0,0,0,0,0.041561956311618,0,0,0,0,0,0,0,0,0,0,0,0,0,0,0,0,0,0,0,0,0,0,0,0,0,0,0,0,0,0,0,0.0475546104774792,0,0,0,0,0,0,0,0,0,0,0,0,0,0
"SBS35",0,0.0667244367417678,0,0.0311958405545927,0,0,0,0,0,0,0,0,0,0,0,0,0,0,0,0,0,0,0,0,0.0431831311380705,0.0476603119584056,0,0.119150779896014,0,0,0,0,0,0.120161756210283,0,0.0678798382437898,0.0759676487579433,0.0476603119584056,0.0840554592720971,0.0958983246678221,0,0,0,0,0,0,0,0,0,0.0725014442518776,0,0.0330733679953784,0,0.0309069901790873,0,0,0,0,0,0,0,0,0,0,0,0,0,0,0,0,0,0,0,0.0333622183708839,0,0,0,0,0,0.0306181398035817,0,0,0,0,0,0,0,0,0,0,0,0,0,0,0,0
"SBS36",0.0347778084460393,0,0,0,0,0,0,0,0,0,0,0,0,0,0,0,0,0,0,0,0,0,0,0,0.0770080044162297,0.0278774496273806,0,0.0834943417057686,0,0,0,0,0,0,0,0,0,0,0,0,0,0,0,0,0,0,0,0,0.0934308584046371,0,0,0.0952249516974883,0,0,0,0,0,0,0,0,0,0,0,0,0,0,0,0,0,0,0,0,0.194590118686172,0.106541540160088,0,0.287054926856196,0,0,0,0,0,0,0,0,0,0,0,0,0,0,0,0,0,0,0,0
"SBS42",0,0.0309402222889757,0,0,0,0,0,0,0.0336437368579152,0.0597777110243316,0,0.0528687293481526,0,0,0,0,0,0,0,0,0,0,0,0,0,0.0492640432562331,0,0.0316911985581256,0,0,0,0,0,0.0722439170922199,0,0.049414238510063,0,0,0,0,0,0,0,0,0,0,0,0,0,0.0402523280264344,0,0,0,0,0,0,0.0504656052868728,0.228296785821568,0,0.129918894562932,0,0,0,0,0,0,0,0,0,0,0,0,0,0.0811054370681886,0,0.0410033042955842,0,0,0,0,0,0.0491138480024031,0,0,0,0,0,0,0,0,0,0,0,0,0,0
"SBS87",0,0,0,0,0,0,0.0577496435614101,0,0,0,0.229250753841721,0,0,0,0,0,0,0,0,0,0,0,0,0,0,0,0.0376817271780422,0,0,0,0.161946484300693,0,0,0,0.352012536091173,0,0,0,0,0,0,0,0,0,0,0,0,0,0,0,0,0,0,0,0,0,0,0,0,0,0,0,0,0,0,0,0,0,0,0,0,0,0,0,0,0,0,0,0.0491894671219538,0,0,0,0.112169387905007,0,0,0,0,0,0,0,0,0,0,0,0,0
"SBS88",0,0,0,0,0,0,0,0,0,0,0,0,0.0608950845807305,0.0300807044620828,0,0.054292002400186,0.141599413160174,0.0579603819544707,0,0.215700659559074,0,0,0,0,0,0,0,0,0,0,0,0,0,0,0,0,0,0,0,0,0,0,0,0,0,0,0,0,0,0,0,0,0,0,0,0,0,0,0,0,0,0,0,0,0,0,0,0,0,0,0,0,0,0,0,0,0,0,0,0,0,0,0,0,0.0271460018358229,0,0,0.094644167325638,0,0,0,0.122523844818026,0.0388848123408621,0.026412326179258,0,0.129860601383675
"SBS90",0,0,0,0,0,0,0,0,0,0,0,0,0.0725175426855074,0,0,0.0277331824275102,0,0,0,0,0,0,0,0,0,0,0,0,0,0,0,0,0,0,0,0,0.120632066458207,0,0,0.118812304703486,0,0,0,0,0,0,0,0,0,0,0,0,0,0,0,0,0,0,0,0,0.0460581925407091,0,0,0,0,0,0,0,0,0,0,0,0,0,0,0,0,0,0,0,0,0,0,0,0.421970588250486,0,0,0.192276122934093,0,0,0,0,0,0,0,0
"SBS5",0.011997600479904,0.00943811237752451,0.0018496300739852,0.00660867826434713,0.0100979804039192,0.00569886022795441,0.00171965606878624,0.0100979804039192,0.0325934813037393,0.0178964207158568,0.00617876424715057,0.021995600879824,0.00737852429514098,0.00692861427714457,0.00911817636472707,0.00619876024795041,0.0461907618476305,0.0133973205358928,0.0381923615276945,0.0382923415316937,0.00385922815436913,0.0025994801039792,0.0079384123175365,0.00482903419316137,0.00742851429714057,0.00613877224555089,0.00345930813837233,0.00648870225954809,0.00695860827834433,0.00906818636272747,0.00248950209958008,0.00952809438112379,0.0193961207758448,0.018996200759848,0.01749650069986,0.0230953809238152,0.00353929214157169,0.00518896220755849,0.00500899820035993,0.00429914017196561,0.0132973405318936,0.0103979204159168,0.0207958408318336,0.0148970205958808,0.00258948210357928,0.00460907818436313,0.00612877424515097,0.00729854029194162,0.0101979604079184,0.00764847030593882,0.00233953209358128,0.00681863627274545,0.00467906418716257,0.00507898420315937,0.00150969806038792,0.00671865626874625,0.0193961207758448,0.0215956808638272,0.0122975404919016,0.0185962807438512,0.00366926614677065,0.00290941811637672,0.00410917816436713,0.00321935612877425,0.0140971805638872,0.0079384123175365,0.01499700059988,0.0136972605478904,0.00251949610077984,0.00170965806838632,0.00529894021195761,0.0023495300939812,0.00785842831433714,0.00916816636672666,0.0022995400919816,0.0126974605078984,0.00780843831233754,0.00759848030393922,0.00170965806838632,0.0124975004999,0.0202959408118376,0.022995400919816,0.0158968206358728,0.020995800839832,0.00630873825234953,0.00413917216556689,0.00478904219156169,0.00874825034993003,0.017996400719856,0.00970805838832235,0.0126974605078984,0.018496300739852,0.00521895620875825,0.00655868826234753,0.00693861227754449,0.013497300539892
